-- phpMyAdmin SQL Dump
-- version 5.2.0
-- https://www.phpmyadmin.net/
--
-- Servidor: 127.0.0.1:3306
-- Tiempo de generación: 23-05-2023 a las 18:26:20
-- Versión del servidor: 5.7.40
-- Versión de PHP: 7.4.33

SET SQL_MODE = "NO_AUTO_VALUE_ON_ZERO";
START TRANSACTION;
SET time_zone = "+00:00";


/*!40101 SET @OLD_CHARACTER_SET_CLIENT=@@CHARACTER_SET_CLIENT */;
/*!40101 SET @OLD_CHARACTER_SET_RESULTS=@@CHARACTER_SET_RESULTS */;
/*!40101 SET @OLD_COLLATION_CONNECTION=@@COLLATION_CONNECTION */;
/*!40101 SET NAMES utf8mb4 */;

--
-- Base de datos: `administracion`
--

-- --------------------------------------------------------

--
-- Estructura de tabla para la tabla `failed_jobs`
--

DROP TABLE IF EXISTS `failed_jobs`;
CREATE TABLE IF NOT EXISTS `failed_jobs` (
  `id` bigint(20) UNSIGNED NOT NULL AUTO_INCREMENT,
  `uuid` varchar(191) COLLATE utf8_unicode_ci NOT NULL,
  `connection` text COLLATE utf8_unicode_ci NOT NULL,
  `queue` text COLLATE utf8_unicode_ci NOT NULL,
  `payload` longtext COLLATE utf8_unicode_ci NOT NULL,
  `exception` longtext COLLATE utf8_unicode_ci NOT NULL,
  `failed_at` timestamp NOT NULL DEFAULT CURRENT_TIMESTAMP,
  PRIMARY KEY (`id`),
  UNIQUE KEY `failed_jobs_uuid_unique` (`uuid`)
) ENGINE=InnoDB DEFAULT CHARSET=utf8 COLLATE=utf8_unicode_ci;

-- --------------------------------------------------------

--
-- Estructura de tabla para la tabla `migrations`
--

DROP TABLE IF EXISTS `migrations`;
CREATE TABLE IF NOT EXISTS `migrations` (
  `id` int(10) UNSIGNED NOT NULL AUTO_INCREMENT,
  `migration` varchar(191) COLLATE utf8_unicode_ci NOT NULL,
  `batch` int(11) NOT NULL,
  PRIMARY KEY (`id`)
) ENGINE=InnoDB AUTO_INCREMENT=6 DEFAULT CHARSET=utf8 COLLATE=utf8_unicode_ci;

--
-- Volcado de datos para la tabla `migrations`
--

INSERT INTO `migrations` (`id`, `migration`, `batch`) VALUES
(1, '2014_10_12_000000_create_users_table', 1),
(2, '2014_10_12_100000_create_password_resets_table', 1),
(3, '2019_08_19_000000_create_failed_jobs_table', 1),
(4, '2019_12_14_000001_create_personal_access_tokens_table', 1),
(5, '2023_05_23_010751_create_permission_tables', 1);

-- --------------------------------------------------------

--
-- Estructura de tabla para la tabla `model_has_permissions`
--

DROP TABLE IF EXISTS `model_has_permissions`;
CREATE TABLE IF NOT EXISTS `model_has_permissions` (
  `permission_id` bigint(20) UNSIGNED NOT NULL,
  `model_type` varchar(191) COLLATE utf8_unicode_ci NOT NULL,
  `model_id` bigint(20) UNSIGNED NOT NULL,
  PRIMARY KEY (`permission_id`,`model_id`,`model_type`),
  KEY `model_has_permissions_model_id_model_type_index` (`model_id`,`model_type`)
) ENGINE=InnoDB DEFAULT CHARSET=utf8 COLLATE=utf8_unicode_ci;

-- --------------------------------------------------------

--
-- Estructura de tabla para la tabla `model_has_roles`
--

DROP TABLE IF EXISTS `model_has_roles`;
CREATE TABLE IF NOT EXISTS `model_has_roles` (
  `role_id` bigint(20) UNSIGNED NOT NULL,
  `model_type` varchar(191) COLLATE utf8_unicode_ci NOT NULL,
  `model_id` bigint(20) UNSIGNED NOT NULL,
  PRIMARY KEY (`role_id`,`model_id`,`model_type`),
  KEY `model_has_roles_model_id_model_type_index` (`model_id`,`model_type`)
) ENGINE=InnoDB DEFAULT CHARSET=utf8 COLLATE=utf8_unicode_ci;

--
-- Volcado de datos para la tabla `model_has_roles`
--

INSERT INTO `model_has_roles` (`role_id`, `model_type`, `model_id`) VALUES
(2, 'App\\Models\\User', 1),
(3, 'App\\Models\\User', 2),
(4, 'App\\Models\\User', 3),
(2, 'App\\Models\\User', 4),
(4, 'App\\Models\\User', 5),
(3, 'App\\Models\\User', 6);

-- --------------------------------------------------------

--
-- Estructura de tabla para la tabla `password_resets`
--

DROP TABLE IF EXISTS `password_resets`;
CREATE TABLE IF NOT EXISTS `password_resets` (
  `email` varchar(191) COLLATE utf8_unicode_ci NOT NULL,
  `token` varchar(191) COLLATE utf8_unicode_ci NOT NULL,
  `created_at` timestamp NULL DEFAULT NULL,
  KEY `password_resets_email_index` (`email`)
) ENGINE=InnoDB DEFAULT CHARSET=utf8 COLLATE=utf8_unicode_ci;

-- --------------------------------------------------------

--
-- Estructura de tabla para la tabla `permissions`
--

DROP TABLE IF EXISTS `permissions`;
CREATE TABLE IF NOT EXISTS `permissions` (
  `id` bigint(20) UNSIGNED NOT NULL AUTO_INCREMENT,
  `name` varchar(191) COLLATE utf8_unicode_ci NOT NULL,
  `guard_name` varchar(191) COLLATE utf8_unicode_ci NOT NULL,
  `created_at` timestamp NULL DEFAULT NULL,
  `updated_at` timestamp NULL DEFAULT NULL,
  PRIMARY KEY (`id`),
  UNIQUE KEY `permissions_name_guard_name_unique` (`name`,`guard_name`)
) ENGINE=InnoDB AUTO_INCREMENT=5 DEFAULT CHARSET=utf8 COLLATE=utf8_unicode_ci;

--
-- Volcado de datos para la tabla `permissions`
--

INSERT INTO `permissions` (`id`, `name`, `guard_name`, `created_at`, `updated_at`) VALUES
(1, 'ver-rol', 'web', '2023-05-23 08:44:56', '2023-05-23 08:44:56'),
(2, 'crear-rol', 'web', '2023-05-23 08:44:56', '2023-05-23 08:44:56'),
(3, 'editar-rol', 'web', '2023-05-23 08:44:56', '2023-05-23 08:44:56'),
(4, 'borrar-rol', 'web', '2023-05-23 08:44:56', '2023-05-23 08:44:56');

-- --------------------------------------------------------

--
-- Estructura de tabla para la tabla `personal_access_tokens`
--

DROP TABLE IF EXISTS `personal_access_tokens`;
CREATE TABLE IF NOT EXISTS `personal_access_tokens` (
  `id` bigint(20) UNSIGNED NOT NULL AUTO_INCREMENT,
  `tokenable_type` varchar(191) COLLATE utf8_unicode_ci NOT NULL,
  `tokenable_id` bigint(20) UNSIGNED NOT NULL,
  `name` varchar(191) COLLATE utf8_unicode_ci NOT NULL,
  `token` varchar(64) COLLATE utf8_unicode_ci NOT NULL,
  `abilities` text COLLATE utf8_unicode_ci,
  `last_used_at` timestamp NULL DEFAULT NULL,
  `created_at` timestamp NULL DEFAULT NULL,
  `updated_at` timestamp NULL DEFAULT NULL,
  PRIMARY KEY (`id`),
  UNIQUE KEY `personal_access_tokens_token_unique` (`token`),
  KEY `personal_access_tokens_tokenable_type_tokenable_id_index` (`tokenable_type`,`tokenable_id`)
) ENGINE=InnoDB DEFAULT CHARSET=utf8 COLLATE=utf8_unicode_ci;

-- --------------------------------------------------------

--
-- Estructura de tabla para la tabla `roles`
--

DROP TABLE IF EXISTS `roles`;
CREATE TABLE IF NOT EXISTS `roles` (
  `id` bigint(20) UNSIGNED NOT NULL AUTO_INCREMENT,
  `name` varchar(191) COLLATE utf8_unicode_ci NOT NULL,
  `guard_name` varchar(191) COLLATE utf8_unicode_ci NOT NULL,
  `created_at` timestamp NULL DEFAULT NULL,
  `updated_at` timestamp NULL DEFAULT NULL,
  PRIMARY KEY (`id`),
  UNIQUE KEY `roles_name_guard_name_unique` (`name`,`guard_name`)
) ENGINE=InnoDB AUTO_INCREMENT=5 DEFAULT CHARSET=utf8 COLLATE=utf8_unicode_ci;

--
-- Volcado de datos para la tabla `roles`
--

INSERT INTO `roles` (`id`, `name`, `guard_name`, `created_at`, `updated_at`) VALUES
(2, 'Administrador', 'web', '2023-05-23 11:25:36', '2023-05-23 19:46:51'),
(3, 'Supervisor', 'web', '2023-05-23 19:53:47', '2023-05-23 19:53:47'),
(4, 'Agente', 'web', '2023-05-23 19:54:00', '2023-05-23 19:54:00');

-- --------------------------------------------------------

--
-- Estructura de tabla para la tabla `role_has_permissions`
--

DROP TABLE IF EXISTS `role_has_permissions`;
CREATE TABLE IF NOT EXISTS `role_has_permissions` (
  `permission_id` bigint(20) UNSIGNED NOT NULL,
  `role_id` bigint(20) UNSIGNED NOT NULL,
  PRIMARY KEY (`permission_id`,`role_id`),
  KEY `role_has_permissions_role_id_foreign` (`role_id`)
) ENGINE=InnoDB DEFAULT CHARSET=utf8 COLLATE=utf8_unicode_ci;

--
-- Volcado de datos para la tabla `role_has_permissions`
--

INSERT INTO `role_has_permissions` (`permission_id`, `role_id`) VALUES
(1, 2),
(2, 2),
(3, 2),
(4, 2),
(1, 3),
(2, 3),
(3, 3),
(1, 4);

-- --------------------------------------------------------

--
-- Estructura de tabla para la tabla `users`
--

DROP TABLE IF EXISTS `users`;
CREATE TABLE IF NOT EXISTS `users` (
  `id` bigint(20) UNSIGNED NOT NULL AUTO_INCREMENT,
  `name` varchar(191) COLLATE utf8_unicode_ci NOT NULL,
  `email` varchar(191) COLLATE utf8_unicode_ci NOT NULL,
  `email_verified_at` timestamp NULL DEFAULT NULL,
  `password` varchar(191) COLLATE utf8_unicode_ci NOT NULL,
  `remember_token` varchar(100) COLLATE utf8_unicode_ci DEFAULT NULL,
  `created_at` timestamp NULL DEFAULT NULL,
  `updated_at` timestamp NULL DEFAULT NULL,
  PRIMARY KEY (`id`),
  UNIQUE KEY `users_email_unique` (`email`)
) ENGINE=InnoDB AUTO_INCREMENT=7 DEFAULT CHARSET=utf8 COLLATE=utf8_unicode_ci;

--
-- Volcado de datos para la tabla `users`
--

INSERT INTO `users` (`id`, `name`, `email`, `email_verified_at`, `password`, `remember_token`, `created_at`, `updated_at`) VALUES
(1, 'Juan Jimenez', 'juan@hotmail.com', NULL, '$2y$10$l3IGedI4znwyryImDqi/R.3hIQ0UqosxtT/56bFsfGD3lulfSuTpi', NULL, '2023-05-23 07:10:15', '2023-05-23 07:10:15'),
(2, 'Juan', 'admin@hotmail.com', NULL, '$2y$10$CaaCXK66vPI5JE5h8V40NuIsw7eNctPFrYKNf6IiwrV2ZS0IgA.i.', NULL, '2023-05-23 08:35:59', '2023-05-23 08:35:59'),
(3, 'Carolina Gutierrez', 'caro@gmail.com', NULL, '$2y$10$AlkScRP7DXWMKc/htdjZjeSYWoNYLtIfzm7tphoEFqsIVX8GUKD/q', NULL, '2023-05-23 20:19:23', '2023-05-23 20:22:40'),
(4, 'Mariana Rodríguez', 'admin2@hotmail.com', NULL, '$2y$10$EtslzxR6m.230HZHdvzVTe54QS./GCEOYJCBtrh49jC4c/wTDChAK', NULL, '2023-05-23 22:14:32', '2023-05-23 22:14:32'),
(5, 'Tatiana Pérez', 'tatianap@gmail.com', NULL, '$2y$10$/MUynpCjJhLDgo4YBfH71uRYfzKOBZsClYnYhtjG1NTkApVBt2S9q', NULL, '2023-05-23 22:44:16', '2023-05-23 22:44:16'),
(6, 'Daniel Martínez', 'dani@gmail.com', NULL, '$2y$10$tlNOzDZJjLmpvTvxlLDvT.NvnGZx2qKThzbC.2GuoHvKefYT6AEBK', NULL, '2023-05-23 22:44:58', '2023-05-23 22:44:58');

--
-- Restricciones para tablas volcadas
--

--
-- Filtros para la tabla `model_has_permissions`
--
ALTER TABLE `model_has_permissions`
  ADD CONSTRAINT `model_has_permissions_permission_id_foreign` FOREIGN KEY (`permission_id`) REFERENCES `permissions` (`id`) ON DELETE CASCADE;

--
-- Filtros para la tabla `model_has_roles`
--
ALTER TABLE `model_has_roles`
  ADD CONSTRAINT `model_has_roles_role_id_foreign` FOREIGN KEY (`role_id`) REFERENCES `roles` (`id`) ON DELETE CASCADE;

--
-- Filtros para la tabla `role_has_permissions`
--
ALTER TABLE `role_has_permissions`
  ADD CONSTRAINT `role_has_permissions_permission_id_foreign` FOREIGN KEY (`permission_id`) REFERENCES `permissions` (`id`) ON DELETE CASCADE,
  ADD CONSTRAINT `role_has_permissions_role_id_foreign` FOREIGN KEY (`role_id`) REFERENCES `roles` (`id`) ON DELETE CASCADE;
COMMIT;

/*!40101 SET CHARACTER_SET_CLIENT=@OLD_CHARACTER_SET_CLIENT */;
/*!40101 SET CHARACTER_SET_RESULTS=@OLD_CHARACTER_SET_RESULTS */;
/*!40101 SET COLLATION_CONNECTION=@OLD_COLLATION_CONNECTION */;
